externalId,symbol,direction,quantity,entryPrice,exitPrice,entryDate,exitDate,stopPrice,targetPrice,fees,strategy,tags,mistakes,rating,notes,account,netPnl,grossPnl,returnPct,rMultiple,outcome,holdingHours
ka2fon0,XAUUSD,short,1,4357.66,4354.06,2026-09-18 17:06,2026-09-18 17:06,,,0,,0.01 lot,,,,MT5 XAUUSD,3.60,3.60,0.083,,win,0.00
ki7ordm,XAUUSD,short,1,4363.7,4353.97,2026-09-18 17:06,2026-09-18 17:06,,,0,,0.01 lot,,,,MT5 XAUUSD,9.73,9.73,0.223,,win,0.00
k1jddo2t,XAUUSD,short,1,4369.53,4354.03,2026-09-18 17:06,2026-09-18 17:06,,,0,,0.01 lot,,,,MT5 XAUUSD,15.50,15.50,0.355,,win,0.00
k1ybyyy6,XAUUSD,short,1,4372.1,4354.3,2026-09-18 17:44,2026-09-18 17:44,,,0,,0.01 lot,,,,MT5 XAUUSD,17.80,17.80,0.407,,win,0.00
kh8u4b9,XAUUSD,short,1,4371.81,4354.3,2026-09-18 17:44,2026-09-18 17:44,,,0,,0.01 lot,,,,MT5 XAUUSD,17.51,17.51,0.401,,win,0.00
kf9xzlo,XAUUSD,long,1,4307.34,4307.58,2026-09-22 11:14,2026-09-22 11:14,,,0,,0.01 lot,,,,MT5 XAUUSD,0.24,0.24,0.006,,win,0.00
k1vh6tvr,XAUUSD,long,1,4303.23,4303.45,2026-09-22 11:14,2026-09-22 11:14,,,0,,0.01 lot,,,,MT5 XAUUSD,0.22,0.22,0.005,,win,0.00
k1vofr7b,XAUUSD,long,1,4300.43,4300.65,2026-09-22 11:17,2026-09-22 11:17,,,0,,0.01 lot,,,,MT5 XAUUSD,0.22,0.22,0.005,,win,0.00
k1ij5ytz,XAUUSD,short,1,4338.87,4349,2026-09-22 20:53,2026-09-22 20:53,,,0,,0.01 lot,,,,MT5 XAUUSD,-10.13,-10.13,-0.233,,loss,0.00
k1aqpyfp,XAUUSD,short,1,4367.23,4322.14,2026-09-23 10:30,2026-09-23 10:30,,,0,,0.01 lot,,,,MT5 XAUUSD,45.09,45.09,1.032,,win,0.00
k1adpcfk,XAUUSD,short,1,4345.22,4320,2026-09-23 11:28,2026-09-23 11:28,,,0,,0.01 lot,,,,MT5 XAUUSD,25.22,25.22,0.580,,win,0.00
k5hmr3b,XAUUSD,short,1,4342.41,4319.64,2026-09-23 11:28,2026-09-23 11:28,,,0,,0.01 lot,,,,MT5 XAUUSD,22.77,22.77,0.524,,win,0.00
k17tux1m,XAUUSD,short,1,4363.98,4294.81,2026-09-23 21:01,2026-09-23 21:01,,,0,,0.01 lot,,,,MT5 XAUUSD,69.17,69.17,1.585,,win,0.00
kwlqlqw,XAUUSD,short,1,4350.39,4294.96,2026-09-23 21:02,2026-09-23 21:02,,,0,,0.01 lot,,,,MT5 XAUUSD,55.43,55.43,1.274,,win,0.00
k1eq0pvk,XAUUSD,long,1,4276.56,4276.79,2026-09-24 10:59,2026-09-24 10:59,,,0,,0.01 lot,,,,MT5 XAUUSD,0.23,0.23,0.005,,win,0.00
k1ywje4e,XAUUSD,short,1,4269.85,4269.52,2026-09-24 11:31,2026-09-24 11:31,,,0,,0.01 lot,,,,MT5 XAUUSD,0.33,0.33,0.008,,win,0.00
kqiofel,XAUUSD,long,1,4268.24,4265.13,2026-09-24 12:02,2026-09-24 12:02,,,0,,0.01 lot,,,,MT5 XAUUSD,-3.11,-3.11,-0.073,,loss,0.00
k4yxltp,XAUUSD,long,5,4261.35,4261.53,2026-09-24 12:03,2026-09-24 12:03,,,0,,0.05 lot,,,,MT5 XAUUSD,0.90,0.90,0.004,,win,0.00
klhg280,XAUUSD,long,5,4261.14,4261.26,2026-09-24 12:19,2026-09-24 12:19,,,0,,0.05 lot,,,,MT5 XAUUSD,0.60,0.60,0.003,,win,0.00
k1a9i00a,XAUUSD,long,2,4262.58,4252.28,2026-09-24 12:43,2026-09-24 12:43,,,0,,0.02 lot,,,,MT5 XAUUSD,-20.60,-20.60,-0.242,,loss,0.00
k1qov88d,XAUUSD,long,2,4256.85,4252.19,2026-09-24 12:43,2026-09-24 12:43,,,0,,0.02 lot,,,,MT5 XAUUSD,-9.32,-9.32,-0.109,,loss,0.00
k16vnxj1,XAUUSD,long,2,4255.22,4252.28,2026-09-24 12:43,2026-09-24 12:43,,,0,,0.02 lot,,,,MT5 XAUUSD,-5.88,-5.88,-0.069,,loss,0.00
k12qn8d2,XAUUSD,long,5,4254.25,4252.31,2026-09-24 12:43,2026-09-24 12:43,,,0,,0.05 lot,,,,MT5 XAUUSD,-9.70,-9.70,-0.046,,loss,0.00
k16yx5tm,XAUUSD,long,5,4253.26,4252.37,2026-09-24 12:43,2026-09-24 12:43,,,0,,0.05 lot,,,,MT5 XAUUSD,-4.45,-4.45,-0.021,,loss,0.00
kp8dp8r,XAUUSD,long,5,4252.1,4263.448,2026-09-24 17:58,2026-09-24 17:58,,,0,,0.05 lot,,,,MT5 XAUUSD,56.74,56.74,0.267,,win,0.00
k2wcvyp,XAUUSD,short,2,4291.24,4291.02,2026-09-25 11:44,2026-09-25 11:44,,,0,,0.02 lot,,,,MT5 XAUUSD,0.44,0.44,0.005,,win,0.00
kktcg33,XAUUSD,short,2,4286.51,4291.55,2026-09-25 11:44,2026-09-25 11:44,,,0,,0.02 lot,,,,MT5 XAUUSD,-10.08,-10.08,-0.118,,loss,0.00
k4o9w5i,XAUUSD,short,4,4290.74,4305.84,2026-09-25 13:13,2026-09-25 13:13,,,0,,0.04 lot,,,,MT5 XAUUSD,-60.40,-60.40,-0.352,,loss,0.00
k7askei,XAUUSD,short,5,4304.65,4305.72,2026-09-25 13:44,2026-09-25 13:44,,,0,,0.05 lot,,,,MT5 XAUUSD,-5.35,-5.35,-0.025,,loss,0.00
k1c6146f,XAUUSD,long,5,4306.22,4306.33,2026-09-25 14:28,2026-09-25 14:28,,,0,,0.05 lot,,,,MT5 XAUUSD,0.55,0.55,0.003,,win,0.00
k1s9lz7k,XAUUSD,long,5,4304.72,4304.81,2026-09-25 14:28,2026-09-25 14:28,,,0,,0.05 lot,,,,MT5 XAUUSD,0.45,0.45,0.002,,win,0.00
k186ydd9,XAUUSD,long,5,4306.38,4299.36,2026-09-25 15:13,2026-09-25 15:13,,,0,,0.05 lot,,,,MT5 XAUUSD,-35.10,-35.10,-0.163,,loss,0.00
k14wr34u,XAUUSD,long,5,4303.27,4299.23,2026-09-25 15:13,2026-09-25 15:13,,,0,,0.05 lot,,,,MT5 XAUUSD,-20.20,-20.20,-0.094,,loss,0.00
kzbpdt6,XAUUSD,long,5,4301.56,4299.43,2026-09-25 15:13,2026-09-25 15:13,,,0,,0.05 lot,,,,MT5 XAUUSD,-10.65,-10.65,-0.050,,loss,0.00
ku5k4di,XAUUSD,short,5,4306.7,4279.24,2026-09-25 16:35,2026-09-25 16:35,,,0,,0.05 lot,,,,MT5 XAUUSD,137.30,137.30,0.638,,win,0.00
kbhafjc,XAUUSD,short,5,4298.47,4283.06,2026-09-25 16:38,2026-09-25 16:38,,,0,,0.05 lot,,,,MT5 XAUUSD,77.05,77.05,0.358,,win,0.00
k5ngzbl,XAUUSD,short,1,4308.53,4282.67,2026-09-25 16:39,2026-09-25 16:39,,,0,,0.01 lot,,,,MT5 XAUUSD,25.86,25.86,0.600,,win,0.00
